   , 0 - 4 , 5 - 9 , 10 - 14 , 15 - 19 , 20 - 24 , 25 - 29 , 30 - 34 , 35 - 39 , 40 - 44 , 45 - 49 , 50 - 54 , 55 - 59 , 60 - 64 , 65 - 69 , 70 - 74 , 75 - 79 , 80 - 84 , 85 & Over , 0 - 4 , 5 - 9 , 10 - 14 , 15 - 19 , 20 - 24 , 25 - 29 , 30 - 34 , 35 - 39 , 40 - 44 , 45 - 49 , 50 - 54 , 55 - 59 , 60 - 64 , 65 - 69 , 70 - 74 , 75 - 79 , 80 - 84 , 85 & Over , 1- And 2-Room Flats 2/ , 3-Room Flats , 4-Room Flats , 5-Room And Executive Flats , Condo- Miniums And Other Apartments , Landed Properties , Others 
 Admiralty ,520,570,510,410,360,440,630,690,760,520,530,430,260,190,130,80,50,40,480,560,480,370,340,580,680,770,730,510,450,390,310,240,150,120,80,50,1210,670,5810,6700,0,0,20
 Airport Road ,0,0,0,0,0,0,0,0,0,0,0,0,0,0,0,0,0,0,0,0,0,0,0,0,0,0,0,0,0,0,0,0,0,0,0,0,0,0,0,0,0,0,0
 Alexandra Hill ,290,380,400,440,490,510,490,430,550,540,620,620,580,550,260,270,170,110,300,320,320,410,470,510,490,520,570,550,610,630,620,530,370,280,210,240,4750,2850,4170,3380,0,0,510
 Alexandra North ,30,40,20,20,20,30,40,50,50,50,30,30,10,10,10,10,0,0,40,30,30,40,20,30,50,80,60,60,30,30,20,20,0,10,0,0,0,0,0,0,990,0,10
 Aljunied ,790,1000,970,1070,1230,1370,1420,1530,1770,1670,1810,1770,1450,1120,700,520,320,270,730,920,910,1060,1220,1440,1510,1700,1790,1540,1580,1600,1420,1180,690,670,490,470,2340,10650,10000,6920,9940,560,1290
 Anak Bukit ,370,570,710,730,890,750,560,570,760,790,820,860,750,560,340,250,160,100,350,580,650,750,910,810,600,730,910,910,940,980,760,590,350,300,190,160,0,50,2260,3330,8430,7650,270
 Anchorvale ,1530,1610,1320,880,800,1290,1940,1850,2200,1370,1060,990,740,530,270,180,70,50,1470,1560,1240,920,820,1700,2070,2210,2020,1090,1060,1040,800,580,320,210,130,120,990,930,13770,22350,0,0,0
 Ang Mo Kio Town Centre ,130,130,160,140,130,140,160,200,240,210,170,150,130,120,80,50,20,20,130,160,160,150,130,170,210,220,260,210,170,170,160,150,80,70,40,40,0,460,730,2060,1730,0,40
 Anson ,0,0,0,0,0,0,0,0,0,0,0,0,0,0,0,0,0,0,0,0,0,0,0,0,0,0,0,0,0,0,0,0,0,0,0,0,0,0,0,0,0,0,0
 Balestier ,740,810,830,830,880,890,1000,1240,1460,1300,1260,1170,970,830,550,430,280,220,700,730,690,810,870,970,1200,1440,1470,1280,1220,1200,1020,940,610,610,430,450,2220,7890,6490,5090,9220,530,900
 Bangkit ,410,520,630,810,1020,1070,760,700,800,870,1160,1110,800,520,300,220,130,90,400,450,650,760,970,930,660,740,840,950,1170,1040,790,550,380,270,200,160,0,3140,13400,5900,1360,0,10
 Bayfront Subzone ,0,0,0,0,0,0,0,0,0,0,0,0,0,0,0,0,0,0,0,0,0,0,0,0,0,0,0,0,0,0,0,0,0,0,0,0,0,0,0,0,0,0,0
 Bayshore ,220,230,230,190,170,150,200,320,450,380,320,190,220,150,50,50,30,30,220,260,240,210,170,170,300,430,480,360,280,210,180,140,80,60,40,70,0,0,0,0,6870,460,140
 Bedok North ,1690,1890,2110,2580,2790,2830,2800,3010,3100,3170,3700,3460,2930,2540,1400,1000,610,370,1590,1790,2070,2340,2900,2770,3050,3250,3320,3160,3610,3470,3370,2810,1540,1270,880,760,3750,34660,26630,11430,4220,4670,580
 Bedok Reservoir ,610,730,760,790,810,880,890,980,1070,970,980,900,830,590,300,190,80,60,630,680,800,740,740,950,1000,1110,1140,1030,950,990,850,600,290,220,150,120,0,3220,9120,6720,6280,0,60
 Bedok South ,1070,1160,1340,1550,1750,1760,1570,1590,1750,1820,2030,2060,1810,1490,890,700,410,270,960,1130,1170,1470,1640,1750,1630,1780,1980,1940,2100,2070,1920,1600,1040,850,600,560,1740,9710,14460,7410,5650,11770,450
 Bencoolen ,40,20,20,30,20,40,50,60,60,60,60,80,50,40,20,20,20,20,30,30,20,40,50,40,50,50,60,70,60,60,60,50,30,30,30,20,40,900,130,0,330,0,70
 Bendemeer ,880,770,710,790,880,1090,1280,1440,1340,1210,1230,1280,1170,950,580,480,270,190,790,700,670,750,810,1170,1540,1510,1410,1180,1150,1320,1230,1020,700,560,390,390,1730,9280,11810,6220,3640,670,480
 Benoi Sector ,0,0,0,0,0,0,0,0,0,0,0,0,0,0,0,0,0,0,0,0,0,0,0,0,0,0,0,0,0,0,0,0,0,0,0,0,0,0,0,0,0,0,0
 Bidadari ,0,0,0,0,0,0,0,0,0,0,0,0,0,0,0,0,0,0,0,0,0,0,0,0,0,0,0,0,0,0,0,0,0,0,0,0,0,0,0,0,0,0,0
 Bishan East ,520,640,710,790,1070,1200,970,920,1030,950,980,1200,1060,780,410,310,160,70,520,650,660,720,1010,1190,1020,1080,1180,1050,1260,1360,1150,890,460,380,250,210,300,2070,11940,13050,1290,0,170
 Boat Quay ,10,0,0,0,0,0,10,10,10,10,10,0,10,10,10,0,0,0,10,0,0,0,0,0,10,10,10,10,10,10,0,0,0,0,0,0,0,0,0,0,120,0,60
 Boon Keng ,250,200,230,260,280,350,400,420,420,420,460,460,380,300,180,160,90,80,230,230,250,250,330,330,450,450,410,440,400,440,370,340,220,230,160,130,1020,2500,4540,2670,40,140,60
 Boon Lay Place ,1000,950,920,1020,980,1030,1400,1220,1200,1360,1370,1140,880,670,370,240,130,70,920,880,820,960,1010,1250,1430,1120,1240,1170,1020,920,880,610,390,270,150,130,4540,15500,4640,5140,1240,0,50
 Boon Teck ,280,330,390,420,480,440,410,380,510,560,620,720,540,430,290,270,160,120,250,320,340,380,480,460,450,450,550,550,640,560,520,510,400,390,270,260,5530,4210,1320,3760,0,0,300
 Boulevard ,10,10,10,0,0,10,10,10,20,20,20,20,20,10,10,10,0,0,0,10,10,10,10,10,20,10,20,20,10,20,20,10,10,10,0,0,0,0,0,0,340,0,60
 Braddell ,210,260,250,290,360,330,350,320,380,390,430,420,360,280,200,160,90,90,180,250,250,300,340,360,340,410,420,450,410,430,380,320,240,230,130,160,1730,3160,2050,2750,1030,0,50
 Bras Basah ,0,0,0,0,0,0,0,0,0,0,0,0,0,0,0,0,0,0,0,0,0,0,0,0,0,0,0,0,0,0,0,0,0,0,0,0,0,0,0,0,0,0,0
 BrickWorks ,0,0,0,0,0,0,0,0,0,0,0,0,0,0,0,0,0,0,0,0,0,0,0,0,0,0,0,0,0,0,0,0,0,0,0,0,0,0,0,0,0,0,0
 Bugis ,20,40,20,50,50,70,80,70,90,100,80,100,90,100,50,50,20,30,40,20,30,40,50,70,80,90,80,90,90,90,120,110,70,70,40,40,0,1190,1010,20,20,0,90
 Bukit Batok Central ,540,670,770,780,850,1040,890,880,980,1010,1030,1100,930,600,290,230,110,80,480,640,730,770,890,1070,970,960,1060,1050,1060,1130,910,610,350,250,190,150,1290,4160,11520,7610,1430,0,60
 Bukit Batok East ,260,340,370,460,510,610,540,520,600,550,600,640,600,340,140,120,60,30,230,330,340,400,480,570,560,530,560,520,650,700,550,380,180,130,110,80,0,6510,5590,2340,0,0,140
 Bukit Batok South ,270,320,430,590,600,540,490,400,460,570,640,620,460,240,100,70,30,30,260,360,410,570,600,550,490,500,530,640,700,580,370,220,100,100,70,60,0,0,6260,5710,1260,680,40
 Bukit Batok West ,310,380,450,480,510,550,520,560,570,590,640,650,540,360,170,110,70,30,290,390,410,500,500,570,600,590,590,580,620,660,580,350,180,130,110,110,0,5580,6090,3470,0,0,60
 Bukit Ho Swee ,380,330,300,330,380,500,610,560,560,590,650,740,650,510,340,260,150,140,360,320,270,340,400,540,700,580,560,500,590,660,620,560,410,380,290,250,4190,6070,3460,1970,520,0,100
 Bukit Merah ,20,30,30,40,30,40,40,30,40,50,40,30,40,40,30,20,10,10,30,30,30,20,30,50,40,50,60,40,50,40,40,60,20,20,10,20,0,160,10,980,0,0,40
 Cairnhill ,80,130,80,70,50,70,90,110,160,160,140,110,100,90,40,30,30,20,70,100,80,80,110,110,130,160,200,150,140,110,100,80,50,50,30,30,0,0,0,0,2760,430,150
 Cecil ,0,0,0,0,0,10,20,10,10,10,10,10,0,0,0,0,0,0,10,0,0,0,0,0,10,20,10,10,0,0,0,0,0,0,0,0,0,0,0,0,120,0,40
 Central Subzone ,10,10,10,10,0,10,20,40,40,30,20,20,10,0,10,0,0,0,10,10,10,10,10,20,30,40,30,30,10,20,10,10,0,0,0,0,0,0,0,0,450,0,20
 Central Water Catchment ,0,0,0,0,0,0,0,0,0,0,0,0,0,0,0,0,0,0,0,0,0,0,0,0,0,0,0,0,0,0,0,0,0,0,0,0,0,0,0,0,0,0,0
 Changi Airport ,0,0,0,0,0,0,0,0,0,0,0,0,0,0,0,0,0,0,0,0,0,0,0,0,0,0,0,0,0,0,0,0,0,0,0,0,0,0,0,0,0,0,0
 Changi Bay ,0,0,0,0,0,0,0,0,0,0,0,0,0,0,0,0,0,0,0,0,0,0,0,0,0,0,0,0,0,0,0,0,0,0,0,0,0,0,0,0,0,0,0
 Changi Point ,10,10,20,30,20,20,20,20,40,30,40,40,40,30,20,10,10,10,10,20,20,20,20,20,20,30,30,40,30,30,30,20,10,10,10,20,0,450,0,10,0,170,170
 Changi West ,80,100,100,60,40,30,50,90,120,90,40,20,20,20,10,0,0,10,80,100,80,50,50,40,80,100,110,60,30,20,10,10,10,10,10,0,0,0,0,0,50,240,1450
 Chatsworth ,140,150,130,120,110,110,180,260,330,280,220,180,140,120,80,50,30,20,170,190,150,160,130,150,270,330,380,280,200,170,160,130,100,50,30,40,0,0,0,0,4600,1000,140
 Cheng San ,670,630,680,760,780,860,1120,1190,1190,1110,1180,1070,1050,940,490,370,200,110,620,550,620,650,800,970,1360,1300,1260,1110,1140,1220,1270,970,580,420,280,260,840,14740,8690,5350,0,0,160
 Chin Bee ,0,0,0,0,0,0,0,0,0,0,0,0,0,0,0,0,0,0,0,0,0,0,0,0,0,0,0,0,0,0,0,0,0,0,0,0,0,0,0,0,0,0,0
 China Square ,30,10,20,30,30,50,50,50,60,50,80,50,80,70,40,30,20,10,20,10,10,20,30,40,60,50,60,60,60,90,90,80,50,40,20,30,0,1460,0,70,50,0,10
 Chinatown ,420,380,190,190,200,240,460,760,570,400,420,360,310,280,190,170,100,90,520,380,200,170,200,290,590,800,480,370,340,350,340,340,200,210,160,200,1140,2900,5040,2170,330,0,280
 Choa Chu Kang Central ,430,560,700,880,1020,740,630,700,790,950,1060,860,550,340,190,140,50,40,400,570,640,880,970,770,670,790,930,1050,1020,710,510,370,210,140,100,90,0,0,8910,6540,5960,0,0
 Choa Chu Kang North ,580,870,1280,1910,1680,1090,900,880,1100,1700,1910,1340,790,450,210,150,100,60,580,880,1330,1840,1610,1070,970,1010,1400,2070,1590,1070,710,470,290,230,170,110,1660,570,9740,17600,2520,2300,0
 Chong Boon ,460,580,640,750,770,870,970,1000,990,980,1150,1100,1050,900,600,420,230,140,460,520,530,620,750,930,1010,1100,1060,1080,1120,1160,1200,1050,690,500,310,240,1840,13500,8810,3520,0,0,230
 City Hall ,0,0,0,0,0,0,0,0,0,0,0,0,0,0,0,0,0,0,0,0,0,0,0,0,0,0,0,0,0,0,0,0,0,0,0,0,0,0,0,0,0,0,0
 City Terminals ,0,0,0,0,0,0,0,0,0,0,0,0,0,0,0,0,0,0,0,0,0,0,0,0,0,0,0,0,0,0,0,0,0,0,0,0,0,0,0,0,0,0,0
 Clarke Quay ,0,0,0,0,0,0,10,10,20,10,10,0,0,0,0,0,0,10,0,0,0,0,0,0,10,10,10,10,10,0,0,0,0,0,0,0,0,0,0,0,50,0,80
 Clementi Central ,280,360,340,350,370,350,470,530,570,490,520,440,390,400,250,200,90,60,280,340,320,310,340,430,520,580,600,520,470,540,550,480,270,210,140,120,0,4580,5300,1150,1210,960,290
 Clementi North ,540,590,620,650,680,860,1050,1100,1150,960,1050,880,890,1010,580,460,240,180,530,560,550,650,680,990,1080,1210,1260,1080,1100,1120,1340,1240,640,560,350,330,1210,12720,9990,4420,0,0,390
 Clementi West ,370,370,420,430,430,520,600,620,670,680,670,640,590,490,270,180,90,60,330,380,430,440,460,480,650,690,670,630,610,690,680,570,270,200,120,100,0,8300,4330,1250,2250,230,100
 Clementi Woods ,400,410,390,420,410,530,640,620,610,600,650,550,500,520,280,210,100,70,430,390,410,430,450,630,700,690,620,600,650,570,580,570,290,240,150,130,1530,3130,5640,3300,2060,300,440
 Clifford Pier ,0,0,0,0,0,0,0,0,0,0,0,0,0,0,0,0,0,0,0,0,0,0,0,0,0,0,0,0,0,0,0,0,0,0,0,0,0,0,0,0,0,0,0
 Commonwealth ,160,160,160,170,190,290,300,250,300,300,360,300,250,200,130,150,100,70,150,150,150,180,180,250,290,310,330,330,310,310,270,290,240,240,190,140,1890,5930,280,0,0,0,30
 Compassvale ,1000,880,500,300,270,490,1080,1470,950,500,460,350,320,210,140,100,30,20,940,830,450,280,300,680,1410,1540,760,470,410,410,350,280,160,110,50,40,310,360,12710,1800,3320,0,20
 Coney Island ,0,0,0,0,0,0,0,0,0,0,0,0,0,0,0,0,0,0,0,0,0,0,0,0,0,0,0,0,0,0,0,0,0,0,0,0,0,0,0,0,0,0,0
 Coronation Road ,130,200,190,170,180,130,120,190,280,240,220,180,160,150,110,90,50,40,170,260,230,190,190,190,170,240,330,260,230,190,170,170,130,100,60,60,0,0,0,0,1930,3960,280
 Crawford ,150,160,180,180,230,250,250,290,350,390,520,580,490,470,310,280,170,140,140,160,170,190,240,220,260,280,280,300,350,300,330,350,260,240,160,130,4860,2690,860,750,450,0,120
 Dairy Farm ,110,140,200,180,220,180,140,140,220,240,220,220,170,120,50,30,20,20,110,150,190,200,200,210,150,200,270,230,260,210,160,100,40,40,30,30,0,0,0,0,3360,2020,20
 Defu Industrial Park ,0,0,0,0,0,0,0,0,0,0,0,0,0,0,0,0,0,0,0,0,0,0,0,0,0,0,0,0,0,0,0,0,0,0,0,0,0,0,0,0,0,0,0
 Depot Road ,150,170,120,120,130,130,170,250,270,200,180,160,120,130,80,50,30,20,160,160,110,120,120,130,210,310,290,200,170,150,170,160,100,60,40,50,0,0,1760,2240,1190,0,0
 Dhoby Ghaut ,0,0,0,0,0,0,10,20,10,10,10,0,10,0,0,0,0,0,10,0,0,0,10,10,10,20,10,10,10,10,0,0,0,0,0,0,0,0,0,0,200,0,10
 Dover ,340,430,370,400,390,370,410,490,530,530,520,410,340,310,190,190,80,60,330,400,360,360,410,420,490,530,610,570,500,440,380,410,250,190,120,100,490,3280,3810,3050,2340,40,190
 Dunearn ,70,90,110,120,110,90,80,90,150,160,150,150,110,100,70,60,40,30,80,150,150,160,140,100,90,120,180,170,180,130,140,110,70,50,50,50,0,0,0,0,840,3040,20
 East Coast ,0,0,0,0,0,0,0,0,0,0,0,0,0,0,0,0,0,0,0,0,0,0,0,0,0,0,0,0,0,0,0,0,0,0,0,0,0,0,0,0,0,0,0
 Everton Park ,200,200,190,160,220,230,330,360,410,320,290,310,320,270,170,140,80,80,210,210,180,190,200,310,340,400,430,320,300,340,390,330,210,190,110,110,620,1940,2240,3520,410,190,100
 Faber ,90,150,160,150,160,150,90,130,170,170,170,150,150,100,50,40,30,10,90,150,130,150,140,140,110,180,200,200,190,150,140,90,80,40,30,30,0,0,0,0,2730,1520,70
 Fajar ,880,820,860,920,1050,1030,1110,1040,1010,960,1050,950,730,460,250,160,90,40,850,810,750,780,1010,1120,1210,1070,1040,930,1070,880,680,460,270,200,140,120,450,1480,13380,11470,0,0,0
 Farrer Court ,110,150,130,100,120,110,110,180,230,190,180,140,110,120,70,60,50,40,130,160,130,140,110,120,180,210,220,200,190,150,150,150,80,70,60,50,0,1030,560,320,1800,910,70
 Farrer Park ,50,90,70,60,60,90,120,170,170,140,120,110,110,70,50,50,30,80,70,80,70,70,70,100,130,140,120,100,90,110,110,90,60,40,30,30,0,320,1980,430,80,30,290
 Fernvale ,2160,1500,850,680,620,1090,2540,2210,1550,1030,900,810,580,460,260,180,90,70,2000,1400,800,630,680,1660,2930,2010,1260,870,850,820,690,550,290,220,200,170,2250,4560,19970,7330,70,1060,360
 Flora Drive ,280,370,450,480,520,390,300,450,520,550,590,490,390,230,120,100,60,50,290,320,400,490,500,360,400,530,590,670,590,460,330,210,140,100,80,160,0,0,0,0,9110,3460,390
 Fort Canning ,10,10,0,0,0,0,0,10,20,10,10,10,0,10,0,0,0,0,0,10,0,10,0,0,10,10,10,10,10,10,0,0,0,0,0,0,0,0,0,0,150,0,10
 Frankel ,810,940,900,1000,1050,880,880,1160,1610,1320,1160,1060,1010,870,450,380,250,220,790,1080,950,910,990,1030,1120,1550,1680,1340,1230,1190,1070,890,520,510,390,420,150,0,0,0,13640,19130,650
 Gali Batu ,0,0,0,0,0,0,0,0,0,0,0,10,10,10,10,10,0,0,0,0,0,0,0,0,0,0,0,0,0,0,0,10,10,10,10,40,0,0,0,0,0,0,130
 Geylang Bahru ,210,260,330,370,350,390,380,460,540,580,580,530,440,370,220,220,140,90,200,260,290,320,310,390,380,490,550,490,510,500,440,390,300,270,190,150,1320,7750,1490,2200,0,0,100
 Geylang East ,740,850,740,880,1070,1120,1160,1320,1300,1130,1270,1270,1120,980,510,430,250,180,750,790,750,870,1030,1130,1360,1420,1300,1200,1220,1300,1150,1070,570,480,360,340,2310,7130,7590,4260,7370,4190,530
 Ghim Moh ,280,270,260,300,300,320,430,400,450,370,450,350,320,340,260,230,170,80,250,280,270,280,330,410,420,460,450,430,440,400,390,500,360,300,200,160,1970,4790,2800,2290,0,0,50
 Gombak ,290,330,260,270,330,290,380,490,380,330,340,330,300,220,120,90,60,30,290,280,230,260,270,310,470,510,390,340,350,340,310,240,140,110,90,70,0,0,4060,2800,250,2620,90
 Goodwood Park ,30,50,20,30,10,10,20,30,60,50,40,30,20,20,10,10,0,10,20,40,30,20,30,30,30,50,50,40,30,30,20,20,10,10,10,10,0,0,0,0,760,90,50
 Greenwood Park ,0,0,0,0,0,0,0,0,0,0,0,0,0,0,0,0,0,0,0,0,0,0,0,0,0,0,0,0,0,0,0,0,0,0,0,0,0,0,0,0,0,0,0
 Guilin ,280,310,350,440,450,460,440,470,560,570,600,520,380,240,140,90,50,40,290,320,410,420,440,460,520,560,600,600,580,460,420,270,160,110,70,70,0,3670,2410,2370,4640,0,40
 Gul Basin ,0,0,0,0,0,0,0,0,0,0,0,0,0,0,0,0,0,0,0,0,0,0,0,0,0,0,0,0,0,0,0,0,0,0,0,0,0,0,0,0,0,0,0
 Gul Circle ,0,0,0,0,0,0,0,0,0,0,0,0,0,0,0,0,0,0,0,0,0,0,0,0,0,0,0,0,0,0,0,0,0,0,0,0,0,0,0,0,0,0,0
 Henderson Hill ,270,290,280,350,380,380,400,410,450,510,480,550,430,400,310,250,150,100,270,300,280,300,350,410,380,410,490,460,470,480,440,450,310,320,220,160,4750,4090,2880,960,160,0,40
 Hillcrest ,180,230,240,280,210,170,180,240,410,400,350,290,200,210,140,110,70,50,230,410,360,330,280,230,230,360,440,430,360,300,230,220,150,130,100,80,0,0,0,0,3570,5080,160
 Hillview ,330,420,560,740,740,540,390,440,650,830,950,750,580,390,200,140,70,60,310,460,650,820,770,560,480,590,850,930,940,710,560,330,170,140,90,90,0,0,0,0,15730,2320,160
 Holland Drive ,270,230,280,270,330,400,420,510,630,530,490,430,380,440,310,290,200,120,240,250,270,320,300,420,480,620,660,590,560,510,570,600,480,420,240,200,640,6360,4690,2470,0,10,60
 Holland Road ,250,260,320,310,230,200,190,320,480,490,390,330,270,210,120,110,60,30,260,510,440,420,390,300,260,410,600,470,410,320,280,230,150,130,80,80,0,0,0,0,6060,4170,50
 Hong Kah ,1060,1320,1640,1790,1920,2170,2050,2120,2310,2220,2260,2210,2100,1560,750,500,270,140,1060,1340,1560,1740,1900,2150,2160,2200,2270,2100,2090,2380,2130,1520,780,510,330,270,560,12870,26150,14220,2930,0,140
 Hong Kah North ,550,680,820,920,1070,1190,1000,950,1100,1150,1220,1310,990,620,290,210,120,70,530,670,770,820,1080,1150,1030,1010,1110,1060,1270,1280,900,590,320,220,160,110,0,8110,14250,4450,1270,0,260
 Hougang Central ,60,110,140,200,230,210,150,120,150,210,200,220,170,110,60,40,30,20,80,100,130,160,180,170,130,150,180,210,230,220,150,110,60,70,40,40,0,90,1560,2240,0,900,40
 Hougang East ,530,430,510,690,1000,970,940,730,710,660,960,940,730,450,250,160,70,50,490,460,450,690,910,1050,940,780,710,830,1050,930,690,490,250,180,150,120,0,1170,13400,7340,0,0,20
 Hougang West ,860,1010,1190,1600,2160,2170,1640,1470,1740,1730,2340,2400,1840,1290,600,400,210,130,780,920,1060,1510,2030,2080,1760,1590,1720,1970,2470,2420,1870,1240,700,540,400,290,0,8890,27980,12930,0,0,320
 Institution Hill ,110,110,100,60,60,90,110,170,230,170,110,80,80,70,40,20,20,10,100,130,90,80,100,110,170,220,210,150,90,100,90,90,30,30,10,10,0,0,0,0,3320,40,20
 International Business Park ,0,0,0,0,0,0,0,0,0,0,0,0,0,0,0,0,0,0,0,0,0,0,0,0,0,0,0,0,0,0,0,0,0,0,0,0,0,0,0,0,0,0,0
 Istana Negara ,0,0,0,0,0,0,0,0,0,0,0,0,0,0,0,0,0,0,0,0,0,0,0,0,0,0,0,0,0,0,0,0,0,0,0,0,0,0,0,0,0,0,0
 Jelebu ,660,800,1010,1240,1470,1280,1030,1000,1240,1380,1460,1470,1080,700,350,260,150,70,570,790,950,1250,1310,1260,1000,1130,1400,1420,1620,1380,1040,670,370,320,190,170,0,4250,10930,11590,6040,650,20
 Joo Koon ,0,0,0,0,0,0,0,0,0,0,0,0,0,0,0,0,0,0,0,0,0,0,0,0,0,0,0,0,0,0,0,0,0,0,0,0,0,0,0,0,0,0,0
 Joo Seng ,120,200,170,200,200,230,200,230,290,250,270,270,230,190,130,100,60,50,110,160,130,160,200,210,220,250,260,250,270,260,260,220,120,130,100,70,0,920,1810,2020,380,1430,170
 Jurong Gateway ,0,0,0,0,0,0,0,0,0,0,0,0,0,0,0,0,0,0,0,0,0,0,0,0,0,0,0,0,0,0,0,0,0,0,0,0,0,0,0,0,0,0,0
 Jurong Island And Bukom ,0,0,0,0,0,0,0,0,0,0,0,0,0,0,0,0,0,0,0,0,0,0,0,0,0,0,0,0,0,0,0,0,0,0,0,0,0,0,0,0,0,0,0
 Jurong Port ,0,0,0,0,0,0,0,0,0,0,0,0,0,0,0,0,0,0,0,0,0,0,0,0,0,0,0,0,0,0,0,0,0,0,0,0,0,0,0,0,0,0,0
 Jurong River ,0,0,0,0,0,0,0,0,0,0,0,0,0,0,0,0,0,0,0,0,0,0,0,0,0,0,0,0,0,0,0,0,0,0,0,0,0,0,0,0,0,0,0
 Jurong West Central ,2090,2530,2280,1990,1980,2520,2950,3590,3420,2660,2290,2130,1770,1160,440,290,130,80,2080,2360,2140,1910,1860,2450,3570,3840,3220,2340,2110,2170,1680,990,450,350,250,170,0,0,25820,41230,1150,0,0
 Kaki Bukit ,720,910,1070,1420,1690,1740,1370,1280,1310,1360,1650,1880,1520,1150,500,360,180,120,730,820,1000,1270,1630,1670,1420,1390,1400,1340,1890,1960,1520,1080,520,430,260,270,430,6730,16560,15890,240,710,260
 Kallang Bahru ,0,0,0,0,0,0,0,0,0,0,0,0,0,0,0,0,0,0,0,0,0,0,0,0,0,0,0,0,0,0,0,0,0,0,0,0,0,0,0,0,0,0,0
 Kallang Way ,0,0,0,0,0,0,0,0,0,0,0,0,0,0,0,0,0,0,0,0,0,0,0,0,0,0,0,0,0,0,0,0,0,0,0,0,0,0,0,0,0,0,0
 Kampong Bugis ,20,10,20,30,40,40,30,40,30,30,30,40,40,30,10,10,10,0,20,10,10,20,30,40,50,30,30,20,30,50,40,30,10,10,10,10,0,0,640,130,110,0,20
 Kampong Glam ,0,0,0,0,0,10,10,10,10,0,10,10,10,0,10,0,10,30,0,0,0,0,0,10,10,0,0,10,10,0,0,0,0,0,0,0,0,0,0,0,30,0,150
 Kampong Java ,250,320,290,280,300,290,340,450,500,430,440,420,360,340,210,180,90,70,210,240,210,270,290,350,410,490,530,430,420,380,400,410,210,220,130,130,410,1980,3850,1700,2540,630,140
 Kampong Tiong Bahru ,190,220,210,230,270,340,340,310,390,430,420,450,440,370,220,230,110,70,170,210,200,220,270,300,330,370,400,360,380,430,410,410,270,240,150,140,2330,4630,2050,1270,0,0,190
 Kampong Ubi ,250,310,360,440,530,620,510,470,430,440,560,620,490,310,160,90,50,30,230,290,330,380,550,590,490,470,450,430,610,610,450,290,160,100,70,50,0,1120,9770,2150,0,0,160
 Kangkar ,520,580,740,810,930,930,910,880,1000,980,1150,1080,870,630,350,300,140,90,520,570,700,760,860,940,920,910,1090,1050,1100,1090,850,660,430,350,230,190,1020,5410,8200,4390,6560,370,120
 Katong ,220,260,270,260,290,240,270,390,460,410,360,330,290,210,140,110,70,60,190,280,270,270,300,280,340,440,500,350,380,330,300,260,140,140,100,130,0,0,0,0,4960,4340,320
 Keat Hong ,250,400,500,740,830,540,450,470,560,660,810,680,440,270,110,80,40,40,270,380,500,670,750,520,490,540,590,780,770,560,360,230,120,110,100,70,0,0,8080,5110,2080,250,140
 Kebun Bahru ,380,490,540,620,680,700,780,810,890,920,990,890,860,740,460,380,230,110,400,520,540,620,700,790,800,920,970,940,950,1000,940,870,550,430,300,230,1920,11750,6460,2320,0,1170,290
 Kembangan ,700,750,920,1080,1370,1420,1330,1200,1330,1320,1490,1700,1480,1140,690,440,280,200,740,770,890,1030,1280,1440,1380,1320,1350,1420,1550,1680,1410,1170,710,590,430,430,3570,7750,5600,7540,4970,8420,590
 Kent Ridge ,20,20,20,20,30,40,50,40,40,50,50,40,30,40,20,10,0,0,10,30,30,20,40,60,40,30,50,60,40,40,50,20,20,10,0,0,0,0,0,0,1000,70,10
 Khatib ,170,220,250,330,450,450,400,340,380,370,490,520,380,280,130,70,60,30,170,220,240,310,470,460,380,380,390,440,570,510,390,270,150,100,60,50,0,1830,4660,4320,0,0,30
 Kian Teck ,0,0,0,0,0,0,0,0,0,0,0,0,0,0,0,0,0,0,0,0,0,0,0,0,0,0,0,0,0,0,0,0,0,0,0,0,0,0,0,0,0,0,0
 Kim Keat ,160,200,170,220,320,310,260,250,320,320,340,400,300,230,140,140,70,50,140,160,160,220,280,340,300,310,340,300,350,400,300,310,190,140,100,100,60,3520,2800,2170,0,0,60
 Kovan ,490,610,750,880,1000,960,750,780,970,890,1000,1050,890,650,310,250,140,110,470,580,680,850,1000,980,830,940,1060,950,1090,1150,830,620,360,340,200,240,0,780,2560,1080,8820,12050,350
 Kranji ,0,0,0,0,0,0,0,0,0,0,0,0,0,0,0,0,0,0,0,0,0,0,0,0,0,0,0,0,0,0,0,0,0,0,0,0,0,0,0,0,0,0,0
 Lakeside ,10,20,20,20,30,40,50,30,40,50,40,30,40,40,30,20,10,0,10,20,10,20,30,50,40,40,40,30,40,40,40,30,30,20,10,10,0,0,0,0,1000,0,0
 Lavender ,190,220,260,250,260,320,370,390,500,430,430,470,410,370,200,170,110,70,230,250,220,200,270,330,370,440,440,350,390,320,320,270,170,160,90,90,2750,1380,1690,980,2920,30,550
 Leedon Park ,140,160,150,160,180,160,160,210,250,280,220,190,200,200,100,60,40,30,150,190,200,200,210,180,200,240,320,310,240,260,200,180,110,80,50,60,0,0,0,0,2280,3960,10
 Leonie Hill ,40,60,60,50,50,60,60,100,140,130,100,90,70,60,20,20,10,10,60,80,100,70,80,70,100,140,170,110,100,80,60,50,30,20,10,10,0,0,0,0,2350,50,50
 Lim Chu Kang ,0,0,0,0,0,0,0,0,0,0,0,0,0,0,0,0,0,0,0,0,0,0,0,0,0,0,0,0,0,0,0,0,0,0,0,0,0,0,0,0,0,0,0
 Little India ,50,70,80,110,100,120,120,150,180,150,170,180,150,130,90,70,50,60,50,70,80,70,110,110,110,150,140,130,130,140,150,130,100,80,40,30,0,1390,1690,280,80,30,400
 Liu Fang ,0,0,0,0,0,0,0,0,0,0,0,0,0,0,0,0,0,0,0,0,0,0,0,0,0,0,0,0,0,0,0,0,0,0,0,0,0,0,0,0,0,0,0
 Lorong 8 Toa Payoh ,140,150,170,230,270,260,210,260,280,310,320,350,270,270,180,160,90,50,130,150,170,230,270,240,260,270,350,310,340,340,310,270,210,190,120,120,500,2360,3230,2050,0,0,70
 Lorong Ah Soo ,580,690,840,950,1100,1180,1070,1080,1260,1280,1400,1390,1200,930,550,430,250,140,590,770,890,1030,1140,1160,1220,1290,1370,1340,1350,1520,1310,1080,650,510,370,300,0,8970,11080,7390,2770,3690,280
 Lorong Chuan ,150,230,280,320,340,270,160,200,260,330,380,370,240,180,100,80,70,60,160,200,250,340,340,270,220,250,360,390,410,360,230,190,110,130,80,100,0,0,0,0,3970,4260,170
 Lorong Halus ,0,0,0,0,0,0,0,0,0,0,0,0,0,0,0,0,0,0,0,0,0,0,0,0,0,0,0,0,0,0,0,0,0,0,0,0,0,0,0,0,0,0,0
 Lorong Halus North ,0,0,0,0,0,0,0,0,0,0,0,0,0,0,0,0,0,0,0,0,0,0,0,0,0,0,0,0,0,0,0,0,0,0,0,0,0,0,0,0,0,0,0
 Lower Seletar ,140,110,110,90,50,140,170,110,120,130,90,70,40,20,10,10,0,0,150,100,90,90,90,160,170,130,140,110,90,50,30,30,10,20,0,0,0,180,720,480,400,1100,0
 Loyang East ,40,40,50,80,110,80,60,60,60,80,80,110,100,50,30,20,20,10,30,50,70,80,90,70,50,70,90,90,110,120,70,50,30,20,10,20,0,0,0,0,940,1230,20
 Loyang West ,0,0,0,0,0,0,0,0,0,0,0,0,10,10,10,20,20,20,0,0,0,0,0,0,0,0,0,0,0,0,0,0,0,20,20,50,0,0,0,0,0,0,200
 Mackenzie ,0,10,0,10,0,0,10,10,10,0,0,0,0,0,0,0,0,0,0,0,0,0,0,0,10,10,10,10,0,0,0,0,0,0,0,0,0,0,0,0,100,0,10
 Macpherson ,510,650,650,830,1000,980,850,860,970,1200,1360,1340,1030,730,470,420,300,180,470,540,710,790,910,880,880,950,1000,1180,1210,1120,950,790,630,600,410,320,5640,12000,5020,3270,630,1850,220
 Malcolm ,40,110,70,80,70,50,50,70,110,90,100,100,80,70,40,20,20,20,60,100,100,70,100,80,60,100,130,110,120,100,80,70,50,40,30,40,0,0,0,0,720,1830,80
 Mandai East ,0,0,0,0,0,0,0,0,0,0,0,0,0,0,0,0,0,0,0,0,0,0,0,0,0,0,0,0,0,0,0,0,0,0,0,0,0,0,0,0,0,0,0
 Mandai Estate ,50,50,70,80,60,70,70,70,90,80,80,70,50,40,30,20,10,10,40,70,80,90,90,70,70,100,100,100,80,70,40,40,30,20,10,10,0,0,0,0,1240,780,90
 Mandai West ,0,0,0,0,0,0,0,0,0,0,0,0,0,0,0,0,0,0,0,0,0,0,0,0,0,0,0,0,0,0,0,0,0,0,0,0,0,0,0,0,0,0,0
 Margaret Drive ,380,300,220,220,240,290,510,490,460,350,340,300,250,260,140,120,80,50,350,280,210,230,210,390,560,580,420,380,340,340,330,320,190,200,130,100,290,480,6660,3060,10,10,20
 Marina Centre ,0,0,0,0,0,0,0,0,0,0,0,0,0,0,0,0,0,0,0,0,0,0,0,0,0,0,0,0,0,0,0,0,0,0,0,0,0,0,0,0,0,0,0
 Marina East ,0,0,0,0,0,0,0,0,0,0,0,0,0,0,0,0,0,0,0,0,0,0,0,0,0,0,0,0,0,0,0,0,0,0,0,0,0,0,0,0,0,0,0
 Marina East (MP) ,0,0,0,0,0,0,0,0,0,0,0,0,0,0,0,0,0,0,0,0,0,0,0,0,0,0,0,0,0,0,0,0,0,0,0,0,0,0,0,0,0,0,0
 Marina South ,0,0,0,0,0,0,0,0,0,0,0,0,0,0,0,0,0,0,0,0,0,0,0,0,0,0,0,0,0,0,0,0,0,0,0,0,0,0,0,0,0,0,0
 Marine Parade ,660,800,780,720,700,710,730,990,1250,1100,1000,1000,760,750,540,510,300,210,650,800,740,760,760,770,890,1240,1420,1180,1110,1000,950,980,690,670,400,380,3740,6910,5360,5690,6980,120,120
 Maritime Square ,90,70,50,50,50,30,80,140,150,130,140,90,50,40,20,20,10,10,100,90,80,60,50,70,130,160,160,130,100,80,60,40,20,20,0,10,0,0,0,0,2300,100,160
 Marymount ,740,970,970,1180,1420,1040,920,1080,1180,1120,1330,1280,970,690,360,240,100,90,650,690,800,1000,1220,1070,1140,1150,1330,1350,1470,1290,960,700,380,310,200,200,0,0,15080,9390,4060,2890,110
 Matilda ,2240,1120,640,500,430,790,2840,2040,1260,770,650,500,450,360,190,110,60,20,2070,1080,590,470,490,1500,3220,1650,1040,650,610,580,610,430,210,130,90,80,1960,3180,14160,9130,2000,0,10
 Maxwell ,0,0,0,0,0,0,0,0,0,0,0,0,0,0,0,0,0,0,0,0,0,0,0,0,0,0,0,0,0,0,0,0,0,0,0,0,0,0,0,0,0,0,0
 Mei Chin ,330,380,420,500,490,480,490,490,630,620,700,630,570,410,240,260,160,130,310,370,390,490,540,580,600,610,640,730,710,670,550,460,340,370,260,210,1950,5790,2930,2880,2820,220,160
 Midview ,810,940,1290,1790,1690,1260,1200,1090,1200,1700,1740,1200,810,470,250,170,110,70,750,900,1260,1730,1600,1310,1190,1150,1480,1830,1450,1080,700,480,300,230,150,130,960,1080,15170,18090,0,0,220
 Monk'S Hill ,10,50,40,30,30,20,20,30,50,50,40,30,30,20,10,10,10,10,20,20,20,30,20,30,30,50,60,40,50,30,20,30,20,20,10,10,0,0,0,0,960,0,20
 Moulmein ,290,500,290,220,160,180,200,370,480,370,330,230,190,140,70,70,50,40,270,260,220,200,190,240,310,520,520,370,300,220,220,160,100,80,60,60,0,0,200,0,6870,1280,110
 Mount Emily ,30,20,20,10,10,20,50,100,80,50,50,30,30,20,0,10,10,10,30,30,40,20,20,40,70,80,80,50,30,30,30,20,10,10,0,10,0,0,0,0,1000,60,40
 Mount Pleasant ,10,20,10,30,30,30,20,20,20,20,30,30,30,20,10,10,10,10,10,10,30,30,30,20,20,10,20,30,30,30,20,10,10,10,10,10,0,0,0,0,0,640,10
 Mountbatten ,250,260,280,290,300,280,270,350,440,400,410,350,300,290,120,110,70,50,220,300,340,310,340,320,370,450,510,390,410,370,310,280,160,110,90,110,0,0,0,0,5060,5040,110
 Nassim ,220,280,250,180,190,160,160,250,390,390,350,260,250,220,110,70,50,50,200,360,310,270,240,200,250,390,470,400,340,300,260,210,100,80,60,80,0,0,0,0,6700,1530,110
 National University Of S'Pore ,10,10,0,0,10,10,10,10,10,10,10,0,0,0,0,0,0,0,10,0,0,0,160,50,10,10,10,10,10,0,0,0,0,0,0,0,0,0,0,0,0,0,360
 Nature Reserve ,80,110,120,130,110,110,90,110,170,190,180,140,110,80,40,30,20,10,90,120,150,150,150,130,140,140,200,170,180,140,110,80,40,30,20,20,0,0,0,0,3280,550,30
 Nee Soon ,30,20,30,20,20,30,20,20,40,40,40,20,30,30,20,10,10,10,20,20,30,30,30,30,20,50,40,40,40,40,20,20,20,10,10,10,0,0,0,0,430,460,10
 Newton Circus ,10,10,10,0,0,0,10,10,10,10,10,10,10,0,0,0,0,0,10,10,10,10,10,0,10,10,10,10,10,10,0,10,0,0,0,0,0,0,0,0,200,20,0
 North Coast ,280,310,390,530,600,560,480,480,500,610,710,640,480,400,210,150,90,40,240,270,360,490,590,540,460,480,520,570,630,560,500,400,220,180,100,70,160,5940,6100,2350,0,0,50
 North-Eastern Islands ,0,0,0,0,0,0,0,0,0,0,0,0,0,0,0,0,0,0,0,0,0,0,0,0,0,0,0,0,0,0,0,0,0,0,0,0,0,0,0,0,0,0,0
 Northland ,560,770,870,1010,1210,1260,1090,1100,1130,1170,1350,1360,960,630,280,210,90,70,540,690,760,960,1170,1220,1130,1170,1140,1170,1450,1330,950,640,360,250,170,150,30,7260,16730,6260,0,0,100
 Northshore ,0,10,10,10,10,10,0,10,10,10,10,20,10,10,0,10,0,0,0,0,10,10,10,10,0,10,10,10,10,10,10,10,10,0,0,0,0,0,0,0,0,280,10
 One North ,20,20,10,10,10,10,20,30,50,50,30,10,10,10,0,0,0,0,20,20,10,20,20,20,30,40,40,40,20,10,10,10,0,0,0,0,0,0,0,0,540,40,30
 One Tree Hill ,20,30,40,50,50,40,40,40,70,90,80,90,60,50,30,20,20,10,40,40,60,60,60,50,60,60,90,100,80,80,50,50,50,20,10,30,0,0,0,0,1290,550,0
 Orange Grove ,30,30,20,20,20,20,20,50,60,60,70,60,70,60,30,20,10,10,40,40,20,50,50,50,40,70,70,80,70,70,60,50,10,20,10,10,0,0,0,0,1430,0,0
 Oxley ,20,30,40,20,30,40,40,60,50,60,50,40,40,50,30,20,10,20,30,40,30,20,50,50,40,60,80,60,50,50,50,50,30,30,10,30,0,0,0,0,1200,140,40
 Pandan ,0,0,0,0,0,0,0,0,0,0,0,0,0,0,0,0,0,0,0,0,0,0,0,0,0,0,0,0,0,0,0,0,0,0,0,0,0,0,0,0,0,0,0
 Pang Sua ,0,0,0,0,0,0,0,0,0,0,0,0,0,0,0,0,0,0,0,0,0,0,0,0,0,0,0,0,0,0,0,0,0,0,0,0,0,0,0,0,0,0,0
 Pasir Panjang 1 ,100,90,100,100,130,140,130,170,180,150,170,130,130,100,50,30,20,10,100,110,110,110,130,140,170,210,180,180,160,150,120,100,40,40,30,30,0,0,0,0,2470,1450,80
 Pasir Panjang 2 ,90,70,80,110,130,120,120,100,130,140,130,120,180,110,50,20,10,10,90,70,100,120,120,140,120,130,130,140,150,160,150,90,40,30,20,20,0,0,0,0,1680,1770,60
 Pasir Ris Central ,630,670,840,1090,1200,960,910,780,890,990,1290,990,650,380,180,130,90,50,630,620,710,1020,1130,1020,910,920,980,1230,1290,930,580,410,220,200,140,120,330,520,5870,14120,4520,370,0
 Pasir Ris Drive ,1130,1480,1900,2720,3280,2140,1550,1650,1910,2260,3160,2500,1680,1050,460,330,200,130,1070,1370,1780,2570,3060,1970,1570,1850,2060,2950,3020,2360,1570,1060,580,480,360,300,870,0,24310,32510,1790,0,10
 Pasir Ris Park ,100,90,100,120,90,80,80,150,190,130,160,70,50,20,20,10,0,10,80,110,110,110,100,80,110,190,170,150,110,70,50,30,20,10,10,10,0,0,0,0,2700,270,10
 Pasir Ris Wafer Fab Park ,0,0,0,0,0,0,0,0,0,0,0,0,0,0,0,0,0,0,0,0,0,0,0,0,0,0,0,0,0,0,0,0,0,0,0,0,0,0,0,0,0,0,0
 Pasir Ris West ,780,1000,1310,1850,1710,970,970,1070,1390,1750,1970,1300,830,470,220,190,120,70,710,960,1300,1730,1640,1000,1070,1360,1530,2100,1720,1080,740,490,320,270,210,150,0,0,11110,18700,4360,2150,10
 Paterson ,0,0,0,0,10,0,10,10,10,10,10,10,0,0,0,0,0,0,0,10,0,0,0,0,10,10,10,10,10,0,0,0,0,0,0,0,0,0,0,0,140,10,0
 Paya Lebar East ,0,0,0,0,0,0,0,0,0,0,0,0,0,0,0,0,0,0,0,0,0,0,0,0,0,0,0,0,0,0,0,0,0,0,0,0,0,0,0,0,0,0,0
 Paya Lebar North ,0,0,0,0,0,0,0,0,0,0,0,0,0,0,0,0,0,0,0,0,0,0,0,0,0,0,0,0,0,0,0,0,0,0,0,0,0,0,0,0,0,0,0
 Paya Lebar West ,0,0,0,0,0,0,0,0,0,0,0,0,0,0,0,0,0,0,0,0,0,0,0,0,0,0,0,0,0,0,0,0,0,0,0,0,0,0,0,0,0,0,0
 Pearl'S Hill ,160,140,140,170,160,240,260,210,270,310,400,490,430,390,240,200,120,110,140,150,140,160,180,250,230,220,240,270,270,280,300,270,200,190,120,170,5330,1240,300,20,1060,0,270
 Pei Chun ,200,290,310,340,310,300,320,400,480,490,480,500,370,290,210,210,110,70,200,260,330,290,300,330,370,440,560,510,450,450,350,390,300,260,170,150,500,5850,3070,2250,0,0,110
 Peng Siang ,750,870,970,1300,1450,1200,1230,1070,1160,1320,1440,1250,940,600,270,170,110,70,720,760,970,1190,1360,1210,1250,1120,1280,1360,1440,1160,860,560,240,210,160,150,350,470,19440,11650,0,0,220
 Penjuru Crescent ,0,0,0,0,0,0,0,0,0,0,0,0,0,0,0,0,0,0,0,0,0,0,0,0,0,0,0,0,0,0,0,0,0,0,0,0,0,0,0,0,0,0,0
 People'S Park ,0,0,0,0,10,20,20,20,20,10,10,20,20,10,10,10,0,0,10,0,0,0,10,20,20,20,20,10,10,10,20,20,10,10,0,0,0,0,0,0,380,0,10
 Phillip ,0,0,0,0,0,0,0,0,0,0,0,0,0,0,0,0,0,0,0,0,0,0,0,0,0,0,0,0,0,0,0,0,0,0,0,0,0,0,0,0,0,0,0
 Pioneer Sector ,0,0,0,0,0,0,0,0,0,0,0,0,0,0,0,0,0,0,0,0,0,0,0,0,0,0,0,0,0,0,0,0,0,0,0,0,0,0,0,0,0,0,0
 Plab ,0,0,0,0,0,0,0,0,0,0,0,0,0,0,0,0,0,0,0,0,0,0,0,0,0,0,0,0,0,0,0,0,0,0,0,0,0,0,0,0,0,0,0
 Port ,0,0,0,0,10,10,0,10,10,0,10,10,0,10,0,0,0,0,0,0,0,0,10,10,0,0,0,10,10,10,10,10,0,0,0,0,0,0,0,0,20,100,20
 Potong Pasir ,240,270,340,300,380,440,460,430,540,450,480,480,530,420,220,160,90,40,220,200,230,240,340,460,440,480,550,470,450,620,570,490,240,190,130,100,0,5440,4080,1190,1780,60,110
 Pulau Punggol Barat ,0,0,0,0,0,0,0,0,0,0,0,0,0,0,0,0,0,0,0,0,0,0,0,0,0,0,0,0,0,0,0,0,0,0,0,0,0,0,0,0,0,0,0
 Pulau Punggol Timor ,0,0,0,0,0,0,0,0,0,0,0,0,0,0,0,0,0,0,0,0,0,0,0,0,0,0,0,0,0,0,0,0,0,0,0,0,0,0,0,0,0,0,0
 Pulau Seletar ,0,0,0,0,0,0,0,0,0,0,0,0,0,0,0,0,0,0,0,0,0,0,0,0,0,0,0,0,0,0,0,0,0,0,0,0,0,0,0,0,0,0,0
 Punggol Canal ,0,0,0,0,0,0,0,0,0,0,0,0,0,0,0,0,0,0,0,0,0,0,0,0,0,0,0,0,0,0,0,0,0,0,0,0,0,0,0,0,0,0,0
 Punggol Field ,1440,1990,1640,1210,990,1020,1480,2290,2670,1700,1410,1180,870,670,300,230,130,80,1450,1860,1630,1120,980,1110,1910,2630,2560,1540,1310,1180,920,720,400,280,190,200,0,0,13070,29990,0,0,230
 Punggol Town Centre ,620,310,120,90,70,180,710,640,290,160,120,80,70,70,40,20,10,10,580,300,140,80,80,360,880,490,240,140,100,120,110,70,40,40,20,10,0,880,5750,760,0,0,10
 Queensway ,0,0,0,10,10,10,10,10,20,20,20,10,10,10,10,0,0,0,0,0,0,10,10,10,20,10,20,10,10,10,10,10,0,0,0,0,0,0,0,0,250,20,10
 Raffles Place ,0,0,0,0,0,0,0,0,0,0,0,0,0,0,0,0,0,0,0,0,0,0,0,0,0,0,0,0,0,0,0,0,0,0,0,0,0,0,0,0,0,0,0
 Redhill ,380,390,260,240,270,350,360,610,520,470,480,480,340,270,170,160,90,80,380,370,280,290,310,360,480,700,480,450,420,370,330,310,210,220,150,210,2200,2450,3200,3390,860,0,120
 Reservoir View ,0,0,0,0,0,0,0,0,0,0,0,0,0,0,0,0,0,0,0,0,0,0,0,0,0,0,0,0,0,0,0,0,0,0,0,0,0,0,0,0,0,0,0
 Ridout ,30,40,40,30,30,30,40,50,50,40,60,50,40,50,20,10,20,10,40,30,40,40,50,40,60,50,50,70,70,50,50,40,10,30,10,20,0,0,0,0,580,790,40
 Rivervale ,1570,1910,2020,2180,2030,1990,2050,2360,2690,2460,2340,2220,1640,1070,500,300,160,100,1510,1900,1930,2080,1900,2080,2370,2570,2830,2370,2350,2170,1570,1090,520,450,300,250,1740,680,21350,29230,6590,260,0
 Robertson Quay ,70,80,50,40,30,30,90,160,170,130,100,60,40,40,20,10,0,10,110,90,70,50,50,50,150,170,200,110,60,60,50,40,20,20,0,10,0,0,0,0,2390,0,30
 Rochor Canal ,0,0,0,0,0,0,0,0,0,0,0,0,0,0,0,0,0,0,0,0,0,0,0,0,0,0,0,0,0,0,0,0,0,0,0,0,0,0,0,0,0,0,0
 Safti ,0,0,0,0,0,0,0,0,0,0,0,0,0,0,0,0,0,0,0,0,0,0,0,0,0,0,0,0,0,0,0,0,0,0,0,0,0,0,0,0,0,0,0
 SaMulun ,0,0,0,0,0,0,0,0,0,0,0,0,0,0,0,0,0,0,0,0,0,0,0,0,0,0,0,0,0,0,0,0,0,0,0,0,0,0,0,0,0,0,0
 Saujana ,830,760,800,910,910,1050,1180,980,1000,880,980,980,680,420,160,90,60,50,770,730,770,900,870,1200,1200,1000,1050,910,980,940,620,370,160,140,110,110,210,520,10530,12710,1570,0,0
 Selegie ,10,0,0,10,10,10,10,20,10,10,10,10,10,10,10,0,10,0,10,10,0,0,10,10,10,20,10,10,10,10,10,10,0,0,10,0,0,0,0,0,220,30,20
 Seletar ,10,10,10,10,0,0,0,10,20,20,20,10,10,0,0,0,0,0,0,10,10,10,10,0,0,10,20,20,20,10,10,0,0,0,0,0,0,0,0,0,0,250,0
 Seletar Aerospace Park ,0,0,0,0,0,0,0,0,0,0,0,0,0,0,0,0,0,0,0,0,0,0,0,0,0,0,0,0,0,0,0,0,0,0,0,0,0,0,0,0,0,0,0
 Seletar Hills ,310,320,370,530,580,500,340,350,420,450,510,580,510,400,230,170,100,60,230,280,390,470,520,470,380,410,530,530,580,580,470,380,230,190,120,130,0,0,0,0,1540,11970,60
 Semakau ,0,0,0,0,0,0,0,0,0,0,0,0,0,0,0,0,0,0,0,0,0,0,0,0,0,0,0,0,0,0,0,0,0,0,0,0,0,0,0,0,0,0,0
 Sembawang Central ,740,920,1020,1040,970,1080,1030,1180,1360,1260,1160,1010,750,380,180,130,80,60,750,920,1000,960,930,970,1270,1360,1540,1190,1140,1000,610,390,270,200,150,140,0,0,11100,17680,180,0,180
 Sembawang East ,0,0,0,0,0,0,0,0,0,0,0,0,0,0,0,0,0,0,0,0,0,0,0,0,0,0,0,0,0,0,0,0,0,0,0,0,0,0,0,0,0,0,0
 Sembawang Hills ,90,160,220,260,260,230,140,130,230,270,280,270,210,190,130,80,50,50,100,200,250,290,280,220,170,190,270,280,310,250,230,210,130,110,80,80,0,0,0,0,160,6660,70
 Sembawang North ,870,1080,1040,810,750,820,1130,1330,1340,1110,970,830,590,360,170,110,50,30,830,1020,900,770,710,890,1340,1420,1370,970,900,840,620,380,210,150,100,60,550,250,12240,13800,0,0,20
 Sembawang Springs ,80,130,150,150,150,120,90,140,160,190,190,130,110,100,70,50,40,40,90,110,160,170,140,120,120,180,220,200,160,130,110,90,60,60,40,60,0,0,0,0,1970,2010,320
 Sembawang Straits ,60,50,50,80,60,60,50,50,90,70,80,70,40,40,20,20,10,0,40,40,60,50,70,50,50,70,60,70,80,60,30,40,30,10,10,10,0,0,0,0,20,1680,0
 Sengkang Town Centre ,1620,1800,1820,2070,1730,1600,2090,2380,2410,2310,2130,1920,1340,820,400,270,130,100,1540,1790,1710,1820,1720,1740,2640,2500,2570,2220,2070,1910,1250,850,500,400,290,250,160,790,21040,30970,1360,250,100
 Sengkang West ,0,0,0,0,0,0,0,0,0,0,0,0,0,0,0,0,0,0,0,0,0,0,0,0,0,0,0,0,0,0,0,0,0,0,0,0,0,0,0,0,0,0,0
 Senja ,800,700,720,610,570,660,960,860,980,720,680,660,460,330,150,110,60,60,760,720,670,580,540,760,1050,930,960,710,620,560,470,340,190,110,90,90,1600,480,9360,8630,0,0,120
 Sennett ,60,90,120,140,150,150,110,130,150,140,160,180,160,160,80,70,60,60,60,90,120,130,180,150,140,120,160,140,190,230,170,150,100,80,80,90,0,0,0,0,180,4130,230
 Senoko North ,0,0,0,0,0,0,0,0,0,0,0,0,0,0,0,0,0,0,0,0,0,0,0,0,0,0,0,0,0,0,0,0,0,0,0,0,0,0,0,0,0,0,0
 Senoko South ,0,0,0,0,0,0,0,0,0,0,0,0,0,0,0,0,0,0,0,0,0,0,0,0,0,0,0,0,0,0,0,0,0,0,0,0,0,0,0,0,0,0,0
 Senoko West ,0,0,0,0,0,0,0,0,0,0,0,0,0,0,0,0,0,0,0,0,0,0,0,0,0,0,0,0,0,0,0,0,0,0,0,0,0,0,0,0,0,0,0
 Sentosa ,50,30,40,20,40,30,20,60,70,100,110,60,40,20,10,10,0,0,40,50,50,60,50,40,40,60,90,100,70,40,30,20,10,10,0,0,0,0,0,0,890,550,40
 Serangoon Central ,420,500,670,790,900,1090,920,760,950,850,950,1160,1080,760,340,300,150,90,460,460,580,690,910,1120,950,920,990,1000,1210,1340,1120,840,440,390,230,200,0,4340,11870,5260,3630,1260,120
 Serangoon Garden ,630,760,960,1190,1390,1450,1220,1170,1260,1270,1450,1650,1550,1180,650,470,320,210,630,800,890,1130,1400,1410,1280,1280,1430,1410,1630,1850,1650,1310,730,640,460,500,690,5140,11210,4410,2030,15090,620
 Serangoon North ,320,440,550,770,820,590,510,570,620,680,810,720,560,370,140,110,50,30,270,460,550,620,720,610,580,600,680,810,820,710,550,310,220,140,110,80,0,0,7000,10470,0,0,10
 Serangoon North Ind Estate ,0,0,0,0,0,0,0,0,0,0,0,0,0,0,0,0,0,0,0,0,0,0,0,0,0,0,0,0,0,0,0,0,0,0,0,0,0,0,0,0,0,0,0
 Shangri-La ,390,410,430,520,570,570,630,610,680,690,850,740,660,500,320,250,170,90,360,380,410,510,550,600,650,630,690,730,760,700,700,610,430,300,250,160,3280,7790,5300,1780,0,300,60
 Shipyard ,0,0,0,0,0,0,0,0,0,0,0,0,0,0,0,0,0,0,0,0,0,0,0,0,0,0,0,0,0,0,0,0,0,0,0,0,0,0,0,0,0,0,0
 Siglap ,110,140,150,170,220,220,160,210,250,260,220,250,210,240,160,140,80,40,100,140,170,190,280,210,190,270,320,260,260,290,250,280,190,150,100,70,0,0,0,0,6830,0,110
 Simei ,980,1080,1140,1500,1680,1490,1400,1600,1640,1510,1750,1700,1330,940,390,320,150,130,930,1060,1160,1410,1640,1480,1740,1700,1780,1750,1980,1760,1270,920,450,390,270,310,0,190,12820,12640,12660,4120,280
 Simpang North ,0,0,0,0,0,0,0,0,0,0,0,0,0,0,0,0,0,0,0,0,0,0,0,0,0,0,0,0,0,0,0,0,0,0,0,0,0,0,0,0,0,0,0
 Simpang South ,0,0,0,0,0,0,0,0,0,0,0,0,0,0,0,0,0,0,0,0,0,0,0,0,0,0,0,0,0,0,0,0,0,0,0,0,0,0,0,0,0,0,0
 Singapore General Hospital ,0,0,0,0,0,0,0,0,0,0,0,0,0,0,0,0,0,0,0,0,0,0,0,0,0,0,0,0,0,0,0,0,0,0,0,0,0,0,0,0,0,0,0
 Singapore Polytechnic ,10,10,10,10,10,0,0,10,10,10,0,0,0,0,0,0,0,0,10,0,10,0,10,10,10,10,10,0,10,0,0,0,0,0,0,0,0,0,0,0,0,0,160
 Somerset ,0,0,0,0,0,10,10,0,0,0,0,10,0,10,0,0,0,0,0,0,0,0,0,10,0,0,10,10,10,0,10,10,0,0,0,0,0,0,0,0,110,0,20
 Southern Group ,0,0,0,0,0,0,0,0,0,0,0,0,0,0,0,0,0,0,0,0,0,0,0,0,0,0,0,0,0,0,0,0,0,0,0,0,0,0,0,0,0,0,0
 Springleaf ,70,90,120,140,180,170,100,110,110,110,140,170,150,130,70,40,20,20,70,90,100,120,180,120,90,130,140,140,170,160,150,120,70,40,30,30,0,0,0,0,100,3730,50
 Straits View ,0,0,0,0,0,0,0,0,0,0,0,0,0,0,0,0,0,0,0,0,0,0,0,0,0,0,0,0,0,0,0,0,0,0,0,0,0,0,0,0,0,0,0
 Sudong ,0,0,0,0,0,0,0,0,0,0,0,0,0,0,0,0,0,0,0,0,0,0,0,0,0,0,0,0,0,0,0,0,0,0,0,0,0,0,0,0,0,0,0
 Sungei Road ,50,40,60,60,60,80,80,90,100,70,110,100,80,80,70,50,40,20,60,50,60,60,70,80,70,80,80,90,80,60,90,100,60,50,30,30,780,1160,410,40,0,0,30
 Sunset Way ,100,120,150,190,200,230,170,190,190,220,240,210,230,230,110,80,40,30,110,150,150,180,210,240,210,210,250,290,260,280,300,210,130,90,60,50,0,240,1270,2050,1830,860,30
 Swiss Club ,110,130,190,180,160,140,120,150,230,250,190,190,170,130,80,60,50,50,110,210,200,190,210,180,180,200,260,260,220,190,170,120,90,70,60,60,0,0,0,0,2080,3360,110
 Tagore ,160,190,180,280,380,340,180,220,270,260,320,370,310,210,100,110,60,40,170,180,270,300,360,310,240,260,340,320,380,400,280,190,110,90,70,80,0,0,0,0,2630,5530,180
 Tai Seng ,280,360,390,540,500,500,420,410,500,520,620,600,510,370,220,200,140,70,280,380,440,500,550,520,440,500,580,590,610,590,500,350,230,210,150,170,1490,550,5100,2460,530,4160,420
 Taman Jurong ,950,1050,1170,1310,1270,1280,1410,1470,1480,1670,1490,1370,1070,740,330,240,140,90,940,1010,1100,1310,1330,1340,1600,1390,1530,1540,1360,1230,1000,700,420,290,210,140,1790,4940,12750,12160,4560,690,50
 Tampines East ,3060,3220,3590,4990,5940,5510,4940,4520,4350,4890,5820,5900,4800,3070,1360,960,600,370,2760,3000,3510,4690,5670,5460,5090,4700,4820,5640,6330,6300,4640,3150,1640,1390,960,850,3680,25250,54780,50320,3940,0,530
 Tampines North ,0,0,0,0,0,0,0,0,0,0,0,0,0,0,0,0,0,0,0,0,0,0,0,0,0,0,0,0,0,0,0,0,0,0,0,0,0,0,0,0,0,0,0
 Tampines West ,1780,1990,2220,2820,3270,3230,2690,2560,2680,2800,3220,3250,2660,1700,760,540,290,170,1630,1840,2080,2610,3010,3120,2840,2830,2920,3100,3480,3380,2550,1630,870,690,530,410,1150,9840,35740,25440,5560,0,390
 Tanglin ,10,10,10,10,0,10,10,10,20,20,20,20,10,10,0,10,0,0,20,20,10,10,10,10,10,30,20,20,20,20,10,20,0,0,0,0,0,0,0,0,380,0,10
 Tanglin Halt ,300,280,260,270,280,350,480,540,550,520,510,450,370,340,240,230,150,90,280,260,250,250,290,430,530,570,520,500,470,480,460,520,350,350,250,190,1840,7570,3130,570,0,0,50
 Tanjong Irau ,0,0,0,0,0,0,0,0,0,0,0,0,0,0,0,0,0,0,0,0,0,0,0,0,0,0,0,0,0,0,0,0,0,0,0,0,0,0,0,0,0,0,0
 Tanjong Pagar ,10,0,0,10,0,10,30,30,30,30,30,30,10,10,0,0,0,40,0,0,10,10,10,20,40,40,40,20,20,10,10,0,0,0,0,0,0,0,0,0,420,0,100
 Tanjong Rhu ,280,310,300,260,220,240,320,490,610,550,440,380,330,210,160,90,50,40,300,360,350,330,300,330,420,610,670,530,440,370,310,250,160,130,80,90,570,2160,450,940,7040,10,150
 Teban Gardens ,450,460,500,550,610,650,750,720,720,680,740,700,740,620,330,200,90,60,430,460,470,510,570,670,800,750,700,630,670,700,790,640,300,210,130,110,210,4740,8750,5340,0,0,30
 Teck Whye ,520,620,720,1040,1300,1080,910,760,860,1060,1300,1130,880,600,360,230,140,80,520,540,750,940,1210,970,880,800,970,1030,1320,1100,840,600,380,280,180,150,1830,4260,11810,8950,140,0,40
 Telok Blangah Drive ,340,340,360,360,400,470,520,650,640,590,590,560,500,500,310,260,180,80,330,360,350,340,380,480,620,680,700,580,590,580,620,630,410,330,200,170,1540,4740,5510,3820,300,30,60
 Telok Blangah Rise ,250,250,300,300,360,440,450,490,520,490,470,500,570,490,320,220,130,90,200,250,280,330,400,420,430,550,580,470,470,600,670,610,370,240,160,150,960,4630,5980,1250,720,190,90
 Telok Blangah Way ,240,240,240,230,240,270,320,410,450,410,480,500,420,330,220,180,110,90,220,260,200,200,260,270,350,440,440,350,400,410,390,390,270,230,160,120,2270,4990,1750,1590,0,0,80
 Tengah ,0,0,0,0,0,0,0,0,0,0,0,0,0,0,0,0,0,0,0,0,0,0,0,0,0,0,0,0,0,0,0,0,0,0,0,0,0,0,0,0,0,0,0
 Tengeh ,0,0,0,0,0,0,0,0,0,0,0,0,0,0,0,0,0,0,0,0,0,0,0,0,0,0,0,0,0,0,0,0,0,0,0,0,0,0,0,0,0,0,0
 The Wharves ,0,0,0,0,0,0,0,0,0,0,0,0,0,0,0,0,0,0,0,0,0,0,0,0,0,0,0,0,0,0,0,0,0,0,0,0,0,0,0,0,0,0,0
 Tiong Bahru ,350,290,220,210,220,360,520,640,520,410,350,370,370,320,200,180,100,80,340,310,210,210,220,420,590,670,500,430,390,430,470,440,290,240,150,200,320,2870,6100,2510,280,10,110
 Tiong Bahru Station ,500,510,440,340,390,460,570,740,740,590,570,580,400,370,230,250,160,90,430,500,410,370,400,520,740,840,750,640,580,560,450,520,330,330,200,180,1880,790,7680,4920,1370,0,20
 Toa Payoh Central ,930,790,710,790,780,770,1080,1340,1270,1130,1090,1040,780,650,460,390,240,180,860,850,740,850,850,940,1440,1420,1410,1220,1160,1060,860,870,600,560,370,280,2950,5400,11940,8240,2020,0,190
 Toa Payoh West ,210,250,260,290,380,360,400,440,520,470,530,470,390,380,290,260,150,110,200,230,250,310,330,400,490,510,590,530,570,550,510,500,390,420,220,210,240,7440,970,590,850,0,330
 Toh Guan ,320,390,520,560,660,730,610,530,610,650,670,730,590,350,160,80,60,30,310,410,480,510,600,680,590,610,690,640,720,760,530,320,140,130,100,70,0,670,6060,9780,0,0,0
 Toh Tuck ,0,0,0,0,0,0,0,0,0,0,0,0,0,0,0,0,0,0,0,0,0,0,0,0,0,0,0,0,0,0,0,0,0,0,0,0,0,0,0,0,0,0,0
 Townsville ,610,590,490,500,610,700,790,1020,910,770,850,860,730,720,460,360,190,130,520,510,450,520,610,780,960,1050,950,790,910,960,940,880,580,480,330,250,1610,7400,10540,4150,0,0,80
 Trafalgar ,970,1220,1420,1730,1680,1440,1370,1510,1780,1910,2110,2040,1460,1000,480,340,220,120,900,1250,1350,1480,1570,1400,1530,1710,1880,1890,1920,1650,1190,870,470,370,310,280,1760,860,17600,17600,2960,1430,2600
 Tuas Bay ,0,0,0,0,0,0,0,0,0,0,0,0,0,0,0,0,0,0,0,0,0,0,0,0,0,0,0,0,0,0,0,0,0,0,0,0,0,0,0,0,0,0,0
 Tuas North ,0,0,0,0,0,0,0,0,0,0,0,0,0,0,0,0,0,0,0,0,0,0,0,0,0,0,0,0,0,0,0,0,0,0,0,0,0,0,0,0,0,0,0
 Tuas Promenade ,0,0,0,0,0,0,0,0,0,0,0,0,0,0,0,0,0,0,0,0,0,0,0,0,0,0,0,0,0,0,0,0,0,0,0,0,0,0,0,0,0,0,0
 Tuas View ,0,0,0,0,0,0,0,0,0,0,0,0,0,0,0,0,0,0,0,0,0,0,0,0,0,0,0,0,0,0,0,0,0,0,0,0,0,0,0,0,0,0,0
 Tuas View Extension ,0,0,0,0,0,0,0,0,0,0,0,0,0,0,0,0,0,0,0,0,0,0,0,0,0,0,0,0,0,0,0,0,0,0,0,0,0,0,0,0,0,0,0
 Tukang ,0,0,0,0,0,0,0,0,0,0,0,0,0,0,0,0,0,0,0,0,0,0,0,0,0,0,0,0,0,0,0,0,0,0,0,0,0,0,0,0,0,0,0
 Turf Club ,20,10,20,20,20,30,20,20,20,30,20,30,20,30,20,20,10,0,10,10,20,30,20,20,20,20,20,30,30,30,20,20,10,10,10,10,0,0,0,0,0,660,0
 Tyersall ,70,110,90,110,90,80,70,110,160,170,130,120,110,70,60,40,20,20,70,140,90,110,110,110,110,130,170,170,150,140,120,90,60,50,30,30,0,40,210,270,2150,840,20
 Ulu Pandan ,230,320,330,330,360,300,250,320,410,400,400,370,350,350,180,120,80,40,200,320,350,340,360,330,270,380,500,460,460,390,380,360,180,160,80,80,0,0,0,0,7770,2950,10
 Upper Paya Lebar ,270,360,380,490,630,650,480,450,470,500,600,710,600,430,230,180,100,70,240,280,350,410,610,620,480,520,560,550,700,770,600,500,270,210,150,140,360,1660,5250,2750,2440,2950,130
 Upper Thomson ,540,690,810,950,1100,980,800,800,1120,1140,1160,1270,1100,870,500,420,270,170,460,690,770,890,1050,990,870,960,1230,1200,1340,1310,1120,930,620,490,390,350,870,3360,4460,4610,8870,7880,300
 Victoria ,30,20,20,40,40,70,70,70,70,70,100,90,80,70,60,40,20,30,20,30,30,30,50,60,80,90,80,60,80,110,90,100,60,60,30,30,0,1220,570,50,170,0,50
 Waterway East ,1840,1320,760,520,450,700,2100,1900,1400,810,700,500,430,320,170,100,70,30,1760,1220,660,440,440,1080,2550,1750,1120,700,620,560,480,380,210,130,90,80,2700,2470,15990,5700,1490,0,0
 Wenya ,340,400,300,200,190,240,450,590,490,340,240,210,200,110,60,30,20,10,360,380,270,180,170,290,580,550,350,250,210,220,160,140,60,40,30,10,0,0,3350,5250,0,0,10
 West Coast ,190,250,200,170,180,150,160,240,310,270,190,170,150,150,70,50,10,10,170,190,220,160,160,130,190,320,340,240,200,170,160,140,70,40,30,30,0,0,0,0,3940,1940,10
 Western Water Catchment ,30,20,30,20,20,30,20,40,50,30,40,40,20,10,10,0,0,0,20,20,30,20,110,50,30,40,50,30,30,20,10,0,10,0,10,30,0,0,0,0,0,0,900
 Woodgrove ,710,930,1220,1770,1800,1360,1160,1120,1280,1710,1690,1290,860,490,210,170,120,70,640,870,1130,1700,1660,1210,1160,1190,1520,1880,1550,1250,770,510,330,240,150,130,0,1900,13900,14540,4570,610,330
 Woodlands East ,2480,3170,3630,4130,3520,3290,3610,3760,4370,4320,4100,3120,2020,1130,520,380,200,110,2450,3040,3410,3770,3340,3440,3790,4260,4820,4080,3680,2770,1820,1230,630,540,350,250,530,610,47490,42690,4170,0,20
 Woodlands Regional Centre ,0,0,0,0,0,0,0,0,0,0,0,0,0,0,0,0,0,0,0,0,0,0,0,0,0,0,0,0,0,0,0,0,0,0,0,0,0,0,0,0,0,0,0
 Woodlands South ,1180,1300,1380,1400,1200,1210,1420,1560,1560,1480,1300,1070,830,510,250,180,80,50,1050,1250,1250,1370,1110,1280,1650,1630,1640,1370,1240,1040,760,560,270,170,140,90,1760,580,13010,19090,1330,0,60
 Woodlands West ,740,750,880,1210,1510,1320,1180,990,1100,1280,1520,1480,1100,760,420,340,180,100,630,700,810,1140,1440,1130,1150,960,1120,1390,1440,1310,970,710,440,350,220,140,3660,8930,11210,8820,0,0,270
 Woodleigh ,70,100,70,70,90,60,90,90,110,110,80,100,80,50,20,10,10,10,60,70,70,70,80,90,100,120,130,100,100,80,70,50,20,10,10,10,0,0,0,0,2120,250,70
 Xilin ,30,40,60,90,90,80,60,50,50,60,120,110,60,40,10,10,10,0,40,30,50,80,90,50,60,50,70,90,120,90,50,30,10,20,20,10,0,0,0,0,1380,510,30
 Yew Tee ,1120,1520,1530,1810,1540,1420,1400,1790,1960,2000,1840,1580,1050,580,260,210,100,60,1050,1380,1490,1620,1530,1330,1750,2040,2120,2020,1690,1470,900,590,350,270,180,130,0,0,16990,21910,4800,0,10
 Yio Chu Kang ,0,0,0,0,0,0,0,0,0,0,0,0,0,0,0,0,0,0,0,0,0,0,0,0,0,0,0,0,0,0,0,0,0,0,0,0,0,0,0,0,0,0,0
 Yio Chu Kang East ,80,90,120,140,180,140,110,120,140,130,150,210,140,120,80,50,20,20,80,80,130,160,160,140,130,120,170,150,190,180,150,100,50,40,20,40,0,0,0,0,1690,2300,100
 Yio Chu Kang North ,0,0,0,0,0,0,0,0,0,0,0,0,0,0,0,0,0,0,0,0,0,0,0,0,0,0,0,0,0,0,0,0,0,0,0,0,0,0,0,0,0,0,0
 Yio Chu Kang West ,510,620,740,770,770,820,910,890,1080,990,1060,1020,910,800,360,280,160,80,470,690,740,780,840,900,920,1100,1130,1060,1090,1090,1080,780,400,360,230,160,3160,8120,5560,3450,5720,440,90
 Yishun Central ,30,30,30,50,80,60,60,50,40,40,80,70,60,40,30,0,10,0,20,40,30,50,70,60,50,40,40,70,70,70,60,30,20,20,10,10,0,0,830,660,0,0,0
 Yishun East ,2370,1580,1450,1610,1810,2230,3160,2480,2000,1770,2090,1670,1310,800,410,260,140,60,2210,1640,1400,1500,1790,2790,3310,2320,1900,1880,1970,1670,1260,920,410,320,230,160,2620,6500,31020,12740,1990,0,10
 Yishun South ,720,910,1010,1220,1570,1700,1310,1320,1410,1300,1740,1570,1330,900,440,310,170,120,710,850,970,1130,1540,1590,1380,1430,1540,1490,1860,1740,1300,900,490,360,270,240,0,3710,19680,12700,2510,0,250
 Yishun West ,1160,1340,1530,1800,2010,2320,2040,2020,2260,2420,2560,2420,1990,1260,720,530,280,150,1080,1250,1430,1720,1920,2230,2160,2240,2300,2260,2560,2520,1910,1330,800,620,390,360,1480,20480,25390,6500,3540,0,500
 Yuhua East ,490,590,740,770,940,1020,1010,930,1070,990,1070,1120,1050,800,400,280,150,90,470,560,690,750,860,1070,1070,1070,1050,1020,1070,1200,1070,860,430,330,220,180,0,9020,7620,7830,2860,0,140
 Yuhua West ,390,500,570,670,750,860,690,690,770,800,830,870,810,580,280,180,120,70,390,470,550,630,710,810,760,710,850,750,870,870,760,520,280,260,150,140,1910,4070,5650,6010,3060,0,180
 Yunnan ,1410,1870,2320,2890,3410,2600,2420,2680,2890,2930,3290,2700,2020,1380,590,390,160,90,1370,1820,2190,2730,3060,2620,2540,2650,2670,3100,2940,2440,1970,1250,610,420,290,220,220,2440,33760,28310,2400,3720,50
